[
  {
    "id": "57ac5023-7930-44e9-bc9e-19a661647700",
    "data": [
      {
        "text": "Who are you",
        "userDefined": false
      }
    ],
    "isTemplate": false,
    "count": 0,
    "lang": "en",
    "updated": 0
  },
  {
    "id": "91155056-d75b-49d8-8784-2fb4d670b184",
    "data": [
      {
        "text": "About you",
        "userDefined": false
      }
    ],
    "isTemplate": false,
    "count": 0,
    "lang": "en",
    "updated": 0
  },
  {
    "id": "e3587d31-b6b8-4349-a53c-8213fa3962c7",
    "data": [
      {
        "text": "About",
        "userDefined": false
      }
    ],
    "isTemplate": false,
    "count": 0,
    "lang": "en",
    "updated": 0
  },
  {
    "id": "f9e04c7c-efdc-4cd7-b4b2-29e42af16ba2",
    "data": [
      {
        "text": "What can you do for me",
        "userDefined": false
      }
    ],
    "isTemplate": false,
    "count": 0,
    "lang": "en",
    "updated": 0
  },
  {
    "id": "dcaff383-d2b3-4f1c-adf9-f9aa5d726038",
    "data": [
      {
        "text": "What can you do",
        "userDefined": false
      }
    ],
    "isTemplate": false,
    "count": 0,
    "lang": "en",
    "updated": 0
  },
  {
    "id": "f40ffd12-7c04-433f-aaa4-78f09f7978d2",
    "data": [
      {
        "text": "What can you do?",
        "userDefined": false
      }
    ],
    "isTemplate": false,
    "count": 0,
    "lang": "en",
    "updated": 0
  }
]