[
  {
    "id": "f0d89b4a-0a95-4907-bea7-1533a3d5ef37",
    "data": [
      {
        "text": "chc at ",
        "userDefined": false
      },
      {
        "text": "Panaji",
        "meta": "@sys.geo-city",
        "alias": "geo-city",
        "userDefined": true
      }
    ],
    "isTemplate": false,
    "count": 0,
    "lang": "en",
    "updated": 0
  },
  {
    "id": "78e91b55-bc50-4a6c-abbd-9ec9b254cff3",
    "data": [
      {
        "text": "chc ",
        "userDefined": false
      },
      {
        "text": "Panaji",
        "meta": "@sys.geo-city",
        "alias": "geo-city",
        "userDefined": true
      }
    ],
    "isTemplate": false,
    "count": 0,
    "lang": "en",
    "updated": 0
  }
]