[
  {
    "id": "4253fee4-af66-42c6-a5fd-ed748b18e5f0",
    "data": [
      {
        "text": "I took a tablet of ",
        "userDefined": false
      },
      {
        "text": "Paracetamol",
        "meta": "@medicine_name",
        "alias": "medicine_name",
        "userDefined": true
      }
    ],
    "isTemplate": false,
    "count": 0,
    "lang": "en",
    "updated": 0
  },
  {
    "id": "37db7cc5-aeed-4009-a73e-f75fa18ad1a4",
    "data": [
      {
        "text": "check in ",
        "userDefined": false
      },
      {
        "text": "Paracetamol",
        "meta": "@medicine_name",
        "alias": "medicine_name",
        "userDefined": true
      }
    ],
    "isTemplate": false,
    "count": 0,
    "lang": "en",
    "updated": 0
  }
]