[
  {
    "id": "3487d82b-bd71-417b-8908-a7c4e66eb5b2",
    "data": [
      {
        "text": "No I didn\u0027t take ",
        "userDefined": false
      },
      {
        "text": "Paracetamol-",
        "meta": "@medicine_name",
        "alias": "medicine_name",
        "userDefined": true
      }
    ],
    "isTemplate": false,
    "count": 0,
    "lang": "en",
    "updated": 0
  },
  {
    "id": "8121fecd-a258-4bdf-993e-5e0b49b07d36",
    "data": [
      {
        "text": "did not",
        "userDefined": false
      }
    ],
    "isTemplate": false,
    "count": 0,
    "lang": "en",
    "updated": 0
  },
  {
    "id": "06c30bd9-137c-460f-8fd7-8fcdfc0b615b",
    "data": [
      {
        "text": "I didn\u0027t",
        "userDefined": false
      }
    ],
    "isTemplate": false,
    "count": 0,
    "lang": "en",
    "updated": 0
  },
  {
    "id": "3f5a6f28-6f1e-4c6c-8c3e-9938394cca7c",
    "data": [
      {
        "text": "no thank you",
        "userDefined": false
      }
    ],
    "isTemplate": false,
    "count": 1,
    "lang": "en",
    "updated": 0
  },
  {
    "id": "bfbf80f2-9d66-4d08-8d7d-984bf4d0382c",
    "data": [
      {
        "text": "what medication",
        "userDefined": false
      }
    ],
    "isTemplate": false,
    "count": 0,
    "lang": "en",
    "updated": 0
  },
  {
    "id": "460c60e8-8edb-4692-b761-f465e12dc648",
    "data": [
      {
        "text": "I don\u0027t understand",
        "userDefined": false
      }
    ],
    "isTemplate": false,
    "count": 0,
    "lang": "en",
    "updated": 0
  },
  {
    "id": "65a1e1ce-ef71-4184-81ba-73277c39c657",
    "data": [
      {
        "text": "what pills",
        "userDefined": false
      }
    ],
    "isTemplate": false,
    "count": 0,
    "lang": "en",
    "updated": 0
  },
  {
    "id": "8fdede10-3c43-4f84-bbbb-eccc86f200bf",
    "data": [
      {
        "text": "I won\u0027t",
        "userDefined": false
      }
    ],
    "isTemplate": false,
    "count": 0,
    "lang": "en",
    "updated": 0
  },
  {
    "id": "ae9a119e-6273-4d20-8401-24e53a03a579",
    "data": [
      {
        "text": "I will not",
        "userDefined": false
      }
    ],
    "isTemplate": false,
    "count": 0,
    "lang": "en",
    "updated": 0
  },
  {
    "id": "f253542e-cc9e-4ed3-902a-effd82f4ec8b",
    "data": [
      {
        "text": "I\u0027m not going to",
        "userDefined": false
      }
    ],
    "isTemplate": false,
    "count": 0,
    "lang": "en",
    "updated": 0
  }
]