[
  {
    "id": "b792b7ea-6a9d-4a6f-b931-c7eb2cce4f98",
    "data": [
      {
        "text": "yes",
        "userDefined": false
      }
    ],
    "isTemplate": false,
    "count": 0,
    "lang": "en",
    "updated": 0
  },
  {
    "id": "5dc0f267-0079-4a81-a88e-3474283f7a23",
    "data": [
      {
        "text": "I did",
        "userDefined": false
      }
    ],
    "isTemplate": false,
    "count": 0,
    "lang": "en",
    "updated": 0
  },
  {
    "id": "34e102eb-f611-4074-8e72-44846125b2f3",
    "data": [
      {
        "text": "yes I took ",
        "userDefined": false
      },
      {
        "text": "Paracetamol",
        "meta": "@medicine_name",
        "alias": "medicine_name",
        "userDefined": true
      }
    ],
    "isTemplate": false,
    "count": 0,
    "lang": "en",
    "updated": 0
  },
  {
    "id": "55e58b2c-7a5f-4fcb-b30b-fd9c8933621d",
    "data": [
      {
        "text": "of course",
        "userDefined": false
      }
    ],
    "isTemplate": false,
    "count": 0,
    "lang": "en",
    "updated": 0
  },
  {
    "id": "b547c096-3c03-4e27-b31a-0c7664c8114f",
    "data": [
      {
        "text": "did it",
        "userDefined": false
      }
    ],
    "isTemplate": false,
    "count": 0,
    "lang": "en",
    "updated": 0
  },
  {
    "id": "83d6fb3b-c706-45b9-8225-35cafae04379",
    "data": [
      {
        "text": "I took the pills",
        "userDefined": false
      }
    ],
    "isTemplate": false,
    "count": 0,
    "lang": "en",
    "updated": 0
  },
  {
    "id": "699f8503-7a06-461d-bf7e-46115bdeafcb",
    "data": [
      {
        "text": "took the med",
        "userDefined": false
      }
    ],
    "isTemplate": false,
    "count": 0,
    "lang": "en",
    "updated": 0
  },
  {
    "id": "ab1ad79c-94f8-4b8f-a7ca-55227c122293",
    "data": [
      {
        "text": "yep",
        "userDefined": false
      }
    ],
    "isTemplate": false,
    "count": 0,
    "lang": "en",
    "updated": 0
  },
  {
    "id": "08fe9ff6-4e91-42eb-9160-3d1d1f663090",
    "data": [
      {
        "text": "yeah",
        "userDefined": false
      }
    ],
    "isTemplate": false,
    "count": 0,
    "lang": "en",
    "updated": 0
  },
  {
    "id": "ada7c6f5-57c7-4fb6-b4c3-8d06043918ea",
    "data": [
      {
        "text": "for sure",
        "userDefined": false
      }
    ],
    "isTemplate": false,
    "count": 0,
    "lang": "en",
    "updated": 0
  }
]