[
  {
    "id": "0925e0af-f031-46b3-8b29-7fe95ba4cbdc",
    "data": [
      {
        "text": "did i forget about my medicines",
        "userDefined": false
      }
    ],
    "isTemplate": false,
    "count": 0,
    "lang": "en",
    "updated": 0
  },
  {
    "id": "973b5114-f6b1-4f4f-90e1-d11993693fb4",
    "data": [
      {
        "text": "did i take my medicines",
        "userDefined": false
      }
    ],
    "isTemplate": false,
    "count": 0,
    "lang": "en",
    "updated": 0
  },
  {
    "id": "38477755-424b-48f8-9a4a-b00e6892c575",
    "data": [
      {
        "text": "did I take my pills",
        "userDefined": false
      }
    ],
    "isTemplate": false,
    "count": 1,
    "lang": "en",
    "updated": 0
  },
  {
    "id": "d22ee89c-05af-449b-9b7a-8c824b932c37",
    "data": [
      {
        "text": "did i take my meds",
        "userDefined": false
      }
    ],
    "isTemplate": false,
    "count": 0,
    "lang": "en",
    "updated": 0
  },
  {
    "id": "8629bbb0-a921-4792-ad99-473980dba2b0",
    "data": [
      {
        "text": "remind me what I have to take",
        "userDefined": false
      }
    ],
    "isTemplate": false,
    "count": 0,
    "lang": "en",
    "updated": 0
  },
  {
    "id": "bba3ef55-b6ca-47c4-be46-2da1be3ce2b0",
    "data": [
      {
        "text": "did I take my medication",
        "userDefined": false
      }
    ],
    "isTemplate": false,
    "count": 0,
    "lang": "en",
    "updated": 0
  }
]