[
  {
    "id": "a4dd5282-9ef5-4ec6-bd5a-552f9757a5aa",
    "data": [
      {
        "text": "pharmacy ",
        "userDefined": false
      },
      {
        "text": "Panaji",
        "meta": "@sys.geo-city",
        "alias": "geo-city",
        "userDefined": true
      }
    ],
    "isTemplate": false,
    "count": 1,
    "lang": "en",
    "updated": 0
  },
  {
    "id": "c4edad00-1ec3-4097-9f8a-482054ae4bb6",
    "data": [
      {
        "text": "pharmacy at ",
        "userDefined": false
      },
      {
        "text": "Panaji",
        "meta": "@sys.geo-city",
        "alias": "geo-city",
        "userDefined": true
      }
    ],
    "isTemplate": false,
    "count": 0,
    "lang": "en",
    "updated": 0
  }
]