[
  {
    "id": "efbd896b-22a7-4969-b035-77210c03d257",
    "data": [
      {
        "text": "phc at ",
        "userDefined": false
      },
      {
        "text": "Panaji",
        "meta": "@sys.geo-city",
        "alias": "geo-city",
        "userDefined": true
      }
    ],
    "isTemplate": false,
    "count": 0,
    "lang": "en",
    "updated": 0
  },
  {
    "id": "6927702a-4082-4ebc-8609-87ef9adefadd",
    "data": [
      {
        "text": "phc ",
        "userDefined": false
      },
      {
        "text": "Panaji",
        "meta": "@sys.geo-city",
        "alias": "geo-city",
        "userDefined": true
      }
    ],
    "isTemplate": false,
    "count": 0,
    "lang": "en",
    "updated": 0
  }
]