[
  {
    "id": "8746b62d-3b65-49b1-b843-e05d128468df",
    "data": [
      {
        "text": "It\u0027s an emergency",
        "userDefined": false
      }
    ],
    "isTemplate": false,
    "count": 0,
    "lang": "en",
    "updated": 0
  },
  {
    "id": "635a4f62-0b55-475a-a54a-921393859c2b",
    "data": [
      {
        "text": "I need help",
        "userDefined": false
      }
    ],
    "isTemplate": false,
    "count": 0,
    "lang": "en",
    "updated": 0
  },
  {
    "id": "9ea2b406-df67-4f5b-91b6-aa6f12f5d28e",
    "data": [
      {
        "text": "Help me",
        "userDefined": false
      }
    ],
    "isTemplate": false,
    "count": 0,
    "lang": "en",
    "updated": 0
  },
  {
    "id": "d2ef4065-407c-4035-8c7e-49b56d0d82a5",
    "data": [
      {
        "text": "Emergency",
        "userDefined": false
      }
    ],
    "isTemplate": false,
    "count": 0,
    "lang": "en",
    "updated": 0
  },
  {
    "id": "b4b944e7-7388-4ea9-b6e1-47126944656d",
    "data": [
      {
        "text": "Medicine shops near me",
        "userDefined": false
      }
    ],
    "isTemplate": false,
    "count": 0,
    "lang": "en",
    "updated": 0
  },
  {
    "id": "b9193362-e8cf-4484-a165-350391fa99b0",
    "data": [
      {
        "text": "Pharmacy around me",
        "userDefined": false
      }
    ],
    "isTemplate": false,
    "count": 0,
    "lang": "en",
    "updated": 0
  },
  {
    "id": "68558258-5c90-4c52-9250-435e6fd155e3",
    "data": [
      {
        "text": "List of pharmacy",
        "userDefined": false
      }
    ],
    "isTemplate": false,
    "count": 0,
    "lang": "en",
    "updated": 0
  },
  {
    "id": "2dcda220-a9b9-45b5-b2ad-a0f92e1061f2",
    "data": [
      {
        "text": "List nearby pharmacies",
        "userDefined": false
      }
    ],
    "isTemplate": false,
    "count": 0,
    "lang": "en",
    "updated": 0
  },
  {
    "id": "31489605-e816-420f-9853-28ba8522c078",
    "data": [
      {
        "text": "I need medicines",
        "userDefined": false
      }
    ],
    "isTemplate": false,
    "count": 0,
    "lang": "en",
    "updated": 0
  },
  {
    "id": "015c86de-b709-4dae-9d84-66867463813c",
    "data": [
      {
        "text": "I need more",
        "userDefined": false
      }
    ],
    "isTemplate": false,
    "count": 0,
    "lang": "en",
    "updated": 0
  },
  {
    "id": "bd089c4b-30c5-446f-af2e-f7bd8c6ebba8",
    "data": [
      {
        "text": "i\u0027m out of meds",
        "userDefined": false
      }
    ],
    "isTemplate": false,
    "count": 0,
    "lang": "en",
    "updated": 0
  },
  {
    "id": "8dc7a964-889c-4284-8fdc-0e2170739d86",
    "data": [
      {
        "text": "i finished all the medication",
        "userDefined": false
      }
    ],
    "isTemplate": false,
    "count": 0,
    "lang": "en",
    "updated": 0
  },
  {
    "id": "d67d7b19-2864-4dfa-87d9-62312e4b1e14",
    "data": [
      {
        "text": "i think im out",
        "userDefined": false
      }
    ],
    "isTemplate": false,
    "count": 0,
    "lang": "en",
    "updated": 0
  }
]