[
  {
    "id": "54e2773b-3b0f-4d58-aee9-4d541a09a665",
    "data": [
      {
        "text": "one",
        "meta": "@sys.number",
        "alias": "number",
        "userDefined": true
      }
    ],
    "isTemplate": false,
    "count": 0,
    "lang": "en",
    "updated": 0
  },
  {
    "id": "4ab67e06-7aaa-42ae-b6fc-b3ef5f7702b9",
    "data": [
      {
        "text": "1",
        "meta": "@sys.number",
        "alias": "number",
        "userDefined": true
      }
    ],
    "isTemplate": false,
    "count": 0,
    "lang": "en",
    "updated": 0
  }
]