[
  {
    "id": "4b22dc94-afbb-42b5-8b72-9bcf2c34de3f",
    "data": [
      {
        "text": "5",
        "meta": "@sys.number",
        "alias": "number",
        "userDefined": true
      }
    ],
    "isTemplate": false,
    "count": 0,
    "lang": "en",
    "updated": 0
  },
  {
    "id": "c94a210e-e090-49dd-bb46-c33423086d1c",
    "data": [
      {
        "text": "five",
        "meta": "@sys.number",
        "alias": "number",
        "userDefined": true
      }
    ],
    "isTemplate": false,
    "count": 0,
    "lang": "en",
    "updated": 0
  }
]