[
  {
    "id": "305173cb-3ddd-4042-bf57-9bf3b22d6707",
    "data": [
      {
        "text": "3",
        "meta": "@sys.number",
        "alias": "number",
        "userDefined": true
      }
    ],
    "isTemplate": false,
    "count": 1,
    "lang": "en",
    "updated": 0
  },
  {
    "id": "c5a0eb6c-2d3e-4b84-ac91-06460aafb89f",
    "data": [
      {
        "text": "three",
        "meta": "@sys.number",
        "alias": "number",
        "userDefined": true
      }
    ],
    "isTemplate": false,
    "count": 0,
    "lang": "en",
    "updated": 0
  }
]