[
  {
    "id": "81ff603f-fc3e-4f82-a291-b6e2805e28d2",
    "data": [
      {
        "text": "uhc at ",
        "userDefined": false
      },
      {
        "text": "Panaji",
        "meta": "@sys.geo-city",
        "alias": "geo-city",
        "userDefined": true
      }
    ],
    "isTemplate": false,
    "count": 0,
    "lang": "en",
    "updated": 0
  },
  {
    "id": "e0d48fba-bf60-42e0-b5e1-4b23c1ecffe6",
    "data": [
      {
        "text": "uhc ",
        "userDefined": false
      },
      {
        "text": "Panaji",
        "meta": "@sys.geo-city",
        "alias": "geo-city",
        "userDefined": true
      }
    ],
    "isTemplate": false,
    "count": 0,
    "lang": "en",
    "updated": 0
  }
]